{
	"code": 1,
	"res": {
		"teachType": "51talkac",
		"teachTypeSupport": "1",
		"isPhoneSupport": "1",
		"isAcSupport": "1",
		"isEditTeachType": 0,
		"list": [{
			"status": "1",
			"date": "2018-07-01",
			"timeId": "15",
			"isLearned": 0,
			"courseId": "372022",
			"courseLesson": "哈哈哈 ABC?",
			"name_zh_cn": "\u7b2c\u4e8c\u8bfe\u3000\u4f60\u5728\u54ea\u91cc\uff1f",
			"courseUnit": "\u7b2c\u4e00\u5355\u5143 \u6211\u7684\u5bb6\u5ead My Big Family",
			"courseLevel": "\u7ecf\u5178\u82f1\u8bed\u9752\u5c11\u7248 Level 2",
			"courseTopId": 368934,
			"courseSubId": 370845,
			"tree_sibling_index": 2,
			"courseUrl": "https:\/\/s2.51talk.com\/textbook\/2018\/0312\/5e2nexvj0002020008g62b00000005i1.pdf",
			"courseTopType": "zx",
			"review_book": "course_rev\/pdf\/08\/07\/L2U1L2.pdf"
		}],
		"teaID": 4965,
		"teaPic": "http:\/\/static.51talk.com\/upload\/pic\/2014\/07\/07\/20140707170025.jpg",
		"teaName": "Abby Soliba"
	}
}