{
    "code": 1,
    "res": {
        "remindMsg": "操作成功",
        "lessons": {
            "list": [{
                "appointId": "50107728",
                "startTime": "2018-07-01 07:00:00",
                "endTime": "2018-07-01 07:25:00",
                "courseNameTop": "经典英语青少版 Level 2",
                "courseNameUnit": "第一单元 我的家庭 My Big Family",
                "courseNameLesson": "第二课 你在哪里？ Where Were You?",
                "courseID": "372022",
                "courseCover": "http:\/\/static.51talk.com\/upload\/\/course\/2016-06-01\/1464759534bfc8.jpg",
                "costText": "1次次卡",
                "costType": "",
                "teachType": "51TalkAC",
                "teachTypeText": "手机\/51talk AC上课",
                "teacherID": "4965",
                "teacherName": "Abby Soliba",
                "teacherPic": "http:\/\/static.51talk.com\/upload\/pic\/2014\/07\/07\/20140707170025.jpg",
                "isPreview": 2,
                "absent": "",
                "absentText": "",
                "bbsIsVideo": 1,
                "canUseAppInClass": "1",
                "commentEntry": "n",
                "isGrading": "0",
                "lessonType": 1,
                "lessonTypeText": "1对1课程",
                "isHaveExercise": 0,
                "isExerciseShow": 1,
                "isHaveLookBack": 0,
                "isEnd": 0,
                "blitz": 1,
                "upgradeInfo": ""
            }],
            "totalPage": 1
        },
        "lookBackTips": {},
        "banners": [],
        "events": {},
        "teacher": {}
    }
}