{
    "code": 1,
    "res": {
        "remindMsg": "操作成功",
        "banners": [
            {
                "id": 1,  
                "title": "家长学院",
                "link": "http://www.baidu.com",
                "pic": "http://static.51talk.com/upload/ad/2018/0108/15153937174517_thumb.jpg",
                "shareTitle": "分享内容",
                "sharePic": "http://static.51talk.com/upload/ad/2018/0108/15153937174517_thumb.jpg"
            },
            {
                "id": 2,
                "title": "美小1月勤学奖",
                "link": "http://www.baidu.com",
                "pic": "http://static.51talk.com/upload/ad/2018/0108/151539011748646_thumb.jpg",
                "shareTitle": "分享内容2222222",
                "sharePic": "http://static.51talk.com/upload/ad/2018/0108/151539011748646_thumb.jpg"
            }
        ],
        "teacher": {
            "teaId": 11011,
            "teaName": "Mervin",
            "teaPic": "http://static.51talk.com/upload/pic/2017/02/05/20170205132438128900.jpg",
            "teaScore": "97.65",
            "star": "5",
            "tags": "孩子王,上课有耐心,课堂气氛活跃",
            "startTime": "2018-01-18 15:30:00",
            "timeList": "2018-01-17:38",
            "isShowStar": 1,
            "teacherType": "ea",
            "costPrice": 4,
            "costText": "欧美･4次次卡"
        },
        "lessons": {
            "list": [{
                "lessonType": 9,
                "courseCover": "http:\/\/ac.51talk.com\/course\/def_img.png",
                "courseName": "第一课 在动物园 At The Zoo"
            },{
                "appointId": "50107728",
                "startTime": "2018-07-01 07:00:00",
                "endTime": "2018-07-01 07:25:00",
                "courseNameTop": "经典英语青少版 Level 2",
                "courseNameUnit": "第一单元 我的家庭 My Big Family",
                "courseNameLesson": "第二课 你在哪里？ Where Were You?",
                "courseID": "372022",
                "courseCover": "http:\/\/static.51talk.com\/upload\/\/course\/2016-06-01\/1464759534bfc8.jpg",
                "costText": "1次次卡",
                "costType": "",
                "teachType": "51TalkAC",
                "teachTypeText": "手机\/51talk AC上课",
                "teacherID": "4965",
                "teacherName": "Abby Soliba",
                "teacherPic": "http:\/\/static.51talk.com\/upload\/pic\/2014\/07\/07\/20140707170025.jpg",
                "isPreview": 2,
                "absent": "",
                "absentText": "",
                "bbsIsVideo": 1,
                "canUseAppInClass": "1",
                "commentEntry": "n",
                "isGrading": "0",
                "lessonType": 1,
                "lessonTypeText": "1对1课程",
                "isHaveExercise": 0,
                "isExerciseShow": 1,
                "isHaveLookBack": 0,
                "isEnd": 1,
                "blitz": 1,
                "upgradeInfo": ""
            }],
            "totalPage": 1
        },
        "lookBackTips": {},
        "banners": [],
        "events": {},
        "teacher": {}
    }
}